<?xml version="1.0" encoding="UTF-8"?>
<ti:app xmlns:ti="http://ti.appcelerator.org">
    <id>edu.fullsail.Week2Project</id>
    <name>Week2Project</name>
    <version>1.0</version>
    <publisher>aboynton</publisher>
    <url>http://www.mysite.com</url>
    <description>undefined</description>
    <copyright>2015 by aboynton</copyright>
    <icon>appicon.png</icon>
    <fullscreen>false</fullscreen>
    <navbar-hidden>false</navbar-hidden>
    <analytics>true</analytics>
    <guid>76cc2289-edd0-4313-9666-6625694cb423</guid>
    <property name="ti.ui.defaultunit" type="string">dp</property>
    <ios>
        <plist>
            <dict>
                <key>NSLocationAlwaysUsageDescription</key>
                <string>This weather application needs your Location to gather current weather data.</string>
                <key>UISupportedInterfaceOrientations~iphone</key>
                <array>
                    <string>UIInterfaceOrientationPortrait</string>
                </array>
                <key>UISupportedInterfaceOrientations~ipad</key>
                <array>
                    <string>UIInterfaceOrientationPortrait</string>
                    <string>UIInterfaceOrientationPortraitUpsideDown</string>
                    <string>UIInterfaceOrientationLandscapeLeft</string>
                    <string>UIInterfaceOrientationLandscapeRight</string>
                </array>
                <key>UIRequiresPersistentWiFi</key>
                <false/>
                <key>UIPrerenderedIcon</key>
                <false/>
                <key>UIStatusBarHidden</key>
                <false/>
                <key>UIStatusBarStyle</key>
                <string>UIStatusBarStyleDefault</string>
            </dict>
        </plist>
    </ios>
    <android xmlns:android="http://schemas.android.com/apk/res/android"/>
    <mobileweb>
        <precache/>
        <splash>
            <enabled>true</enabled>
            <inline-css-images>true</inline-css-images>
        </splash>
        <theme>default</theme>
    </mobileweb>
    <modules>
        <module platform="commonjs">ti.cloud</module>
    </modules>
    <deployment-targets>
        <target device="android">true</target>
        <target device="ipad">true</target>
        <target device="iphone">true</target>
        <target device="mobileweb">true</target>
        <target device="windows">false</target>
    </deployment-targets>
    <sdk-version>4.1.0.GA</sdk-version>
    <property name="appc-app-id" type="string">55d012d9ea9eaeb2595cdd33</property>
    <property name="acs-authbase-url-development" type="string">https://secure-identity.cloud.appcelerator.com</property>
    <property name="acs-base-url-development" type="string">https://api.cloud.appcelerator.com</property>
    <property name="acs-oauth-secret-development" type="string">N8Zz3QN3eX3aUbXBqFVcFmvSIa4krJMW</property>
    <property name="acs-oauth-key-development" type="string">gRkQ64z2iRnsCOzlfAFBaF0ANvbyN7u4</property>
    <property name="acs-api-key-development" type="string">iVctGBsbaix7EBUv25tOFtF423novu5o</property>
    <property name="acs-username-development" type="string">appc_app_user_dev</property>
    <property name="acs-password-development" type="string">3RCyoMn0LE3hlheTuc</property>
    <property name="acs-authbase-url-production" type="string">https://secure-identity.cloud.appcelerator.com</property>
    <property name="acs-base-url-production" type="string">https://api.cloud.appcelerator.com</property>
    <property name="acs-oauth-secret-production" type="string">3x5MI6NxGb8cxtKdjCBb4OLHK6DLUKXd</property>
    <property name="acs-oauth-key-production" type="string">yRX5vSvHVzWOfHZiGb59QnFrGfshpGa5</property>
    <property name="acs-api-key-production" type="string">aQWpblYpBKHJWGyLHs4c0hsD9FM3AQOW</property>
    <property name="acs-username-production" type="string">appc_app_user</property>
    <property name="acs-password-production" type="string">tyxZUrxTkjFG7zujxv</property>
    <property name="appc-org-id" type="string">100039098</property>
    <property name="appc-creator-user-id" type="string">23d731c8-74c2-4310-a37f-38923187abd1</property>
</ti:app>
